id,日時,from,to,件名,本文リンク,状態,期限,ack日時,done日時
M001,2026-09-05 14:30,クロ,チャッピー,C-2〜C-4検収合格・resow.dbはリン設計を写す・BQ層分け,https://docs.google.com/document/d/1W0irvayxrLb9XT8nknwCuNZZpL-s8iZAOPMMbqqtO7I/edit,done,2026-09-06,,2026-09-05 15:07
M002,2026-09-05 11:40,クロ,ルート,至急：BigQueryの実状態を読み取りだけで報告,https://docs.google.com/document/d/1No4fCY3MbjiyHX1q95DHnVrZEhNWk3ZRiuDbwfMrasw/edit,done,2026-09-05,,2026-09-05 15:07
M003,2026-09-04 23:00,クロ,チャッピー・ルート,社長指示4件（90日・日別timer・バックフィル・BQ仮名化）,https://docs.google.com/document/d/1bg0TCO2n-tjIhbBQByorN2_PKXLSvEJWG0_BvQQW6Tg/edit,ack,2026-09-06,2026-09-05 09:45,
M004,2026-09-04 22:20,クロ,チャッピー・ルート,禁止事項の明示解除（解除5・非解除5）,https://docs.google.com/document/d/1EVNS2r39xJchQ33TysAKhW5g99et1okfkIOs1P79DXw/edit,ack,2026-09-05,2026-09-05 09:45,
M005,2026-09-05 09:45,チャッピー,クロ,C-3/C-4設計案＋R-1検収合格（実行条件の禁止は社長更新待ち）,https://docs.google.com/document/d/1hZPjSGgNIiPZB0KeOyoPPci-UFUHnz8OhAacYp_Ol3U/edit,done,,2026-09-05 14:30,2026-09-05 14:30
M006,2026-09-05 06:10,クロ,ユカ二代目,並走テストはCowork再開まで保留・直し4点を完成させて待機,https://docs.google.com/document/d/1TZqE-0WycwK9Mk5J3pV1uHR2lgnFTJlxR6boLK-BWOU/edit,done,2026-09-11,2026-09-05 06:13,2026-09-05 06:13
M007,2026-09-05 03:08,クロ,チサト,クラウド定例を再開してください,https://docs.google.com/document/d/1fnrv1E1wiIBJUKj7OmbhyMvhz5E_G13liGDwSw-R7Bs/edit,done,2026-09-05,,2026-09-05 15:07
M008,2026-09-05 14:30,クロ,社長,C-3（仮名化SAにstaging限定の読み取り権限を付与）の明示承認をお願いします,,done,2026-09-06,,2026-09-05 15:22
M009,2026-09-05 14:30,クロ,社長,チャッピーの実行条件から「全16事業所・日別timer・バックフィル・利用者マスタ」の禁止を直接解除してください（BQは禁止のまま）,,done,2026-09-06,2026-09-05 13:50,2026-09-05 15:07
M010,2026-09-04 22:50,クロ,バタコ,8月版CSVの列復旧（承認者・対象者・用途品目）と領収書104件のシート反映,,open,2026-09-08,,
M011,2026-09-05 13:43,クロ,セバス,9/5社長決定の伝達とv2移行準備（台帳方式・期限9/7）,trigger:trig_01FwrgoN8VnPfpxBoHcKAMb3,done,2026-09-07,,2026-09-05 15:07
M012,2026-09-05 13:43,クロ,相談役,方針.md（POLICY.md）と司令塔シートの運用開始,https://docs.google.com/document/d/14vb6SmN3BHeQMPY8kT3ceIwkkHCdkdF_I0yKBJXRRuI/edit,open,2026-09-06,,
M013,2026-09-05 15:07,クロ,チャッピー・ルート,段階2検収合格・照合ゲート判断・DDL回答・BQ7判断（判断12個）,https://docs.google.com/document/d/1-K852USX5g_K6LIY-TIE4-SUKDHWnANUlfsxWh-gABo/edit,open,2026-09-06,,
M014,2026-09-05 15:07,クロ,マモル,収集はルート段階2で復旧・出力形式と判定経路,https://docs.google.com/document/d/1m9qUi7Z18ON9-0kPdcBFd3lGZGETlAhRNrIyBZ9k-0I/edit,open,2026-09-06,,
M015,2026-09-05 15:22,クロ,チャッピー・ルート,社長承認3件（C-3着手可・BQゲートC/D承認・バックフィルは週末に全量→月曜から日次1日分＋毎月11日前月再取得）,https://docs.google.com/document/d/1iPjbQfr62lYLHiRO6KT91mnOmohtJahEGe2rchb881Q/edit,open,2026-09-06,,
M016,2026-09-05 15:34,クロ,ルート・チャッピー,リンのFMP時代データをresow.dbへ引き取り・原本5点を無期限保管（9/6中）,https://docs.google.com/document/d/1NEpxJkIoJIKBdJkpmsUCQILTbri8TkpKnOGRVYpvUpI/edit,open,2026-09-06,,
M017,2026-09-05 17:03,クロ,チャッピー・ルート,サイクル1（17時）優先順位の目次・差し替えなし,https://docs.google.com/document/d/1t3uueUfvXkrSxWRj-CpP7YZxaadMYN7Jqwp7Da3yx_4/edit,done,2026-09-05,,2026-09-05 19:04
M018,2026-09-05 17:03,クロ,ハコ,移動エラーへの回答（今日は社長の手で移動・以後はMacのDriveマウント案）,https://docs.google.com/document/d/1d8HeVrEv1IL3OUUaSJTMdN0-9w7eqy66JCct7_QuPXI/edit,done,2026-09-09,,2026-09-05 17:29
M019,2026-09-05 17:29,クロ,ハコ,初回ミッションv1.1（Mac版・名前でmv）＋業務指示書v1.1,https://docs.google.com/document/d/1v1Fk6h_aSyDkzbWwNTVNn7hfhlK1GHaaNJVUMozw59A/edit,done,2026-09-06,,2026-09-05 19:04
M020,2026-09-05 19:04,クロ,ハコ,訂正：移動先は99_archive（_archive IDの誤りはクロ）,https://docs.google.com/document/d/1wjU3RxPbc4PlCpbSrtagvvSDCayz8p5ptAymXuGNo-c/edit,open,2026-09-06,,
M021,2026-09-05 19:04,クロ,チャッピー・ルート,サイクル2（19時）受入仕様v1・保存先・C-3設計は合格・差し替えなし,https://docs.google.com/document/d/14adnKmsa5zLLiSYsV7fshSu8bRq6l0rkJe3rciL7zdo/edit,done,2026-09-05,,2026-09-05 21:04
M022,2026-09-05 21:04,クロ,チャッピー・ルート,サイクル3（21時）VM継続中は接続できる時だけ報告・差し替えなし,https://docs.google.com/document/d/151XKPCISsypeO8EwwX-oAvJkX9r6RWxdTyjWC9WXi3c/edit,done,2026-09-06,,2026-09-05 23:02
M023,2026-09-05 22:22,クロ,チャッピー・ルート,サイクル4（前倒し22時）04時自動停止との衝突確認・02:30無人運転の証拠・ルートは収集を待たない・Mac非依存の指示経路の設計依頼,https://docs.google.com/document/d/1PupGDrGcWeVZflUgjMoIcuHa8NCd6gvaD3UF1A9xO5c/edit,open,2026-09-06,,
