id,件名,次の一手,担当,待ち先,期日,状態,更新日,出典,st
T001,MFコネクタ再接続（COOクロ側）,完了（アベノドライで接続確認・仕訳読み取りOK）,クロ,-,8/23,完了,2026-8-23,PENDING#1,done
T002,MF検証,完了（アベノドライ反映確認→ワンダー復帰をクロが実確認・8月仕訳66件あり）,クロ,-,8/23,完了,2026-8-23,PENDING#2,done
T003,リン指示書v2の反映,初回完走（8/22-23遡り済・8月支援記録564名取得・DB8/23まで）。8/24: 夜間ジョブtriggerをenvironment_id付き(Mac接続)で作り直し（trig_01BEJbiU…・毎朝4:38）——旧env無し版がクラウド起動で空振りしていた真因を解消し無効化。今夜の便に虎の巻実例抽出＋オフィスステーション・レイアウト作成も同梱。残=社長がMac起動＋夜間Chrome/RINログイン維持。明朝シルベが成果検証,社長,社長→シルベ,8/25朝,env修正済・今夜検証,2026-8-24,PENDING#3,todo
T004,月別確定スナップショット初回（2026-08分＋7月遡り）,リンが9/11 0時以降に取得,リン,リン,9/11,指示書v2に記載済み,2026-8-23,PENDING#4,blocked
T005,オフィスステーション勤怠のRIN取り込み開始,偵察成功（8/24 12:40・社長ログイン＋Mac接続リン）: テナント=ワンダー(4m3ypn・就労B型16事業所)・日別データCSV出力あり（要「出力レイアウト」作成・予約制/非同期）。社長承認でレイアウト作成GO（項目=従業員/所属/日付/打刻/勤務時間/休暇区分）→今夜4:30夜間ジョブで①レイアウト作成②予約に着手→翌サイクルで取得→01_data/RIN_DB（個人打刻は個人情報・報告は事業所×日付の集計匿名）。COCO/RSPは別テナント（ID後日）。リンへ回答メモ設置済み 8/27: 8月分の日別…（全文は docs/PENDING.md PENDING#5）,クロ,リン→クロ,確定値=9月上旬,8月速報取得済み・締め待ち,2026-8-27,PENDING#5,todo
T006,会議費消込シートの社長消込,#33の要確認リストに統合（旧シートは参照用残置・カウント終了）,クロ,-,-,統合済み,2026-8-23,PENDING#6,done
T007,受給者証・欲しいものリスト第1弾（期限切れ33名）,神橋さん共有＝入った（8/24・INBOXに「受給者証」ショートカット→共有フォルダ 1h7Q-iOQbhcsehZShdDDcoNLYN8L2SHA7・到達確認済）。全体の中身確認は使用量配慮で木曜8/28の深夜0:30から開始（send_later設定済）→現物を見て処理方法を設計（優先順位・更新手続き段取り・欲しいものリスト第1弾）。利用者個人情報のため報告は匿名/集計・共有ドキュメントに個票を出さない。8/28 0:30 クロ着手→構造把握と形式検証を完了: ①フォルダは二重構造（ルート直下に未整理56件＋…（全文は docs/PENDING.md PENDING#7）,社長,クロ→社長（33件読み取りの承認）,承認後すぐ,読み取り手段を確立・実行承認待ち,2026-8-28,PENDING#7,blocked
T008,デスクトップのDrive同期（パソコン版Driveバックアップ）,社長が設定→クロが棚卸し,社長,社長,-,設定待ち,2026-8-23,PENDING#8,blocked
T009,365日名言集 第2弾,候補119件＋KOREKARA追補18件を納品（8/23夜・docx原稿受領→「365日名言集_第2弾候補_KOREKARA追補_2026-08-23」）。社長が残す言葉に○→クロが母集団へ統合,社長,社長,-,社長レビュー待ち（計137件）,2026-8-23,PENDING#9,blocked
T010,執事課の立ち上げ3点,(a)個人フォルダ=完了（personalに改名・権限は社長2アカウントのみ確認・資産管理ルールブックを執事課が引き継ぎ、朝レポート⑧で期日リマインド開始） (b)家計の日常データの受け渡し方法 (c)引越し・M&A条件ヒアリング,社長,社長,-,(a)完了・(b)(c)未決,2026-8-23,PENDING#10,todo
T011,経理規程v0.3レビュー納品,8/27 22:10 納品完了（期日8/26を超過。規程整備フォルダへ2点: 「経理規程v0.3_クロのレビュー_2026-08-27」＋「経理規程v0.3_決定シート_2026-08-27」スプシ）。全41条＋別表5点を通読。結論=規程としてほぼ完成だが消費税の条文が丸ごと欠落（B型は給付費非課税×生産活動課税で控除対象外消費税が必ず出る）＋インボイス条も無し→v0.4で新設。他に第32条3項の条番号誤り（第11条第2項→第4項）・第20条1項の文言重複・不正誤謬の報告ルート欠落・経理責任者の代行規定欠落を発見。…（全文は docs/PENDING.md PENDING#11）,社長,社長（S10・決算期統一）→クロ,S10=8/29まで／v0.4=9月上旬,12月決算を反映・残りは社長回答待ち,2026-8-27,PENDING#11,todo
T012,運営指導・返還試算,"配置基準・定員超過・記録0件を組み込み試算。8/25 リンが配置一覧表をカオナビ×オフィスステーション勤怠×RIN稼働率で突合→10論点を報告（社長限り・個人名はチャット/Drive限定）。最優先: ①退職者6件が配置表に残置＝差替え要／金沢は9月にサビ管2→1名（9月体制を先に決定） ②同一人物が3事業所に計上（兼務の常勤換算按分の根拠なし） ③同一事業所内2職種重複5件 ④目標工賃達成指導員10名が全員本社所属＝従事時間の根拠要 ⑤施設外（動物園清掃等 7月1,023h＝6.1人分）がどの事業所配置にも未計上＝…（全文は docs/PENDING.md PENDING#12）",社長,社長／クロ／リン,9/12,金沢解決・6:1化/分母修正済み・二宮さん/施設外名称も回答済み,2026-8-27,PENDING#12,todo
T013,経営計画書p80以降の読了・名言集追補,コダマ夜間で追補,クロ,クロ,-,未了,2026-8-23,PENDING#13,todo
T014,PLAUD過去録音の全量バックアップ（ページ4以降）,コダマ夜間で継続,クロ,クロ,-,進行中,2026-8-23,PENDING#14,todo
T015,8/25(火)過密日程の前日ブリーフ（11:00 Instagram→13:00臨時経営会議・賞与配分→16:00 RT会）,完了（8/25当日は経過。以降の過密日前日ブリーフはシルベ定例で対応）,クロ,-,8/24,完了,2026-8-28,PENDING#15,done
T016,支援記録品質レイヤー開発（仮名化バグ★1★2最優先）,夜間帯で着手,クロ,クロ,-,バックログ,2026-8-23,PENDING#16,todo
T017,不足書類の提出→照合→保管パイプライン,宛先・フォルダ構成の決定,社長,社長,-,設計待ち,2026-8-23,PENDING#17,blocked
T018,バクラク2026年分,完了（誤認と判明・2026月別16ファイルも社長がドラッグ済み 8/23）,クロ,-,-,完了,2026-8-23,PENDING#18,done
T019,Chatworkスキャンの初回実行（トークン有効性確認＋ルーム一覧の概況）,8/27ミミ木曜定例はRIN停止対応を優先しスキップ→次回9/3木曜に実施（それまでにAPI疎通だけ巡回で先行確認） → 9/3 シルベ: .env未設定（CHATWORK_API_TOKEN無し）のため初回スキャンは未実行。チサトのクラウド収集（毎朝7:00）が動いているので、クロ側スキャンは「チサトの日報を読む」で代替可＝この行は#77に統合して完了扱いとする,クロ,クロ,9/3,#77へ統合（完了）,2026-9-3,PENDING#19,done
T020,MF月次取得のバタコ移管,社長判断で保留（8/23）。当面は従来方式（クロ=ワンダー常時＋他法人は切替依頼）。ソロバンprompt訂正済み（MFに10日締めなし）,社長,社長,-,保留,2026-8-23,PENDING#20,blocked
T021,会議費・木村さん確認シート,社長のチェック完了後に確認ルートへ回す（ルート詳細はチャット管理）,社長,社長,-,社長チェック待ち,2026-8-23,PENDING#21,blocked
T022,00_INBOX整理の定常化,初回整理完了（書籍3点→書籍_原稿／LINEWORKS報告書→LineWoksPJ／重複削除／RIN引き継ぎ2フォルダは社長がドラッグ移動・クロ確認済み）。以後スズが毎日実施,クロ,-,毎日,定常運用へ,2026-8-23,PENDING#22,done
T023,チャット分離（セバス執事・コダマ音声）,完了（社長がチャット2つを作成→クロが辞令＋定例を紐付け。セバス=毎朝7:37定例／コダマ=毎朝4:30定例・旧定例は無効化・自動再試行トリガーも削除済み）。残=初回稼働の確認（明朝）と両チャットでのDrive/Plaud接続確認,社長,社長→クロ,8/24朝,紐付け完了,2026-8-23,PENDING#23,done
T024,経費・用途不明確認シートの日々更新,#33の要確認リストに統合（社長要望「1枚にして」8/23。旧シートは参照用残置）,クロ,-,-,統合済み,2026-8-23,PENDING#24,done
T025,リンの新方式パーサー検証（夜間ジョブ35分の1化）＝宿題#18,8/28 検証完了→切替は見送りで決着（クロ承認）。リンがRINの一括出力(Zip)を実データ検証: 本文の途中切れなし・共通666件中650件完全一致・相違16件は並び順のみ——だが記録者（書いた職員）の列が存在しない（日別ページにも無い＝staffNameは空テンプレート）。記録者を失うと記録者ランキング・按分・配置の裏取りが全て不能になるため、現行564名方式（約28分）を維持。代わりに①一括出力は毎月11日以降に1回かけて退所者の記録を回収する補完として併用（画面操作は社長依頼・クロが毎月起票）②夜間ジョブ…（全文は docs/PENDING.md PENDING#25）,リン,リン,改修=移設と並行,見送り決着・補完運用へ,2026-8-28,PENDING#25,done
T026,ユカ指示書v1.1＋共通ルールv1.1改訂,大原則4明文化＋新設「00_連絡板」の場所ルールを本文に反映して連絡板/指示書_現行版へ。CEO裁定(8/24未明): ユカ案2を承認——個人の健康語（メンタル/うつ/体調不良等）は除外継続・労務安全事象（労災/診断書/自傷/発作/誤薬/転倒）は件数・ルーム集計のみ抽出可（個人名・本文引用不可）。Q3=_v2命名承認/Q4=月次は前月分のみ、も指示書v1.1に反映。ユカへ回答済み（クロより_回答と追加依頼_2026-08-24）,クロ,クロ,8/24,文言確定・改訂版作成待ち,2026-8-24,PENDING#26,todo
T028,00_連絡板の新設（INBOXと指示置き場の分離・CEO発案8/23）,人別フォルダ制に再編完了（_共通/リン/バタコ/ユカ・指示書と質問回答を各人フォルダへ・関連トリガー8本を更新・Chatwork変数名の誤りも修正）。3名全員の新場所での稼働を確認（リン報告設置・バタコREADME更新・ユカ新指示で巡回）,クロ,-,8/23,完了,2026-8-23,PENDING#28,done
T027,Gmail仕分けのクロ正式引き継ぎ（引き継ぎ書8/23受領）,定例3本は再有効化済み（Cowork表記と同一物と判明）。宿題: (a)完了（社長判定8/23=迷惑・4番号を仕分けルールに反映済み） (b)頂道塾第115回=要点doc納品済み・社長がショートカット追加済み（8/23）・残=音声2本の扱い検討 (c)配信停止リスト（今夜21:15の週次レポートで候補提示） (d)林様（Ryo Hayashi・財務顧問案件）のDrive共有通知を例外化=削除候補にせず要確認で受信トレイに残す（両トリガーに反映済み・8/24）,社長,クロ／社長,-,引き継ぎ完了・宿題4件,2026-8-24,PENDING#27,todo
T029,PLAUD音声の活用（3階建て・CEO承認8/23「3階までやりたい」）,コダマ定例を3階建て版に改訂済み（①決定事項キュー→スズが毎日台帳転記 ②社長語録_候補プール ③コンテンツ素材バンク=書籍・SNS素材）。初回は明朝4:30。素材バンクの書籍・SNS展開はネタが貯まったら企画提案,クロ,クロ,8/24朝,実装完了・初回待ち,2026-8-23,PENDING#29,todo
T030,社長ダッシュボード「クロの番台」運用開始,"公開済み（社長待ちToDo・経費3シート常設リンク・定例時刻表）。スズが毎日18時に進捗数字とToDoを更新（同一URL維持）。8/25拡張: ①「📊 分析・レポート」タブ新設（通所トレンド・表彰パネル・執務室/台帳へ集約）②「事業所別・月次の推移（延べ通所）」表を今日の番台に追加（16事業所＋全社・8月着地見込 約7,249・前月比）③別ページ「通所トレンド 月次前年比」を新規作成し番台から紐付け（当年×前年の折れ線＋下振れ要因の考察）④ブラウザで暗くなる不具合をcolor-scheme固定で解消。top3は表彰…（全文は docs/PENDING.md PENDING#30）",クロ,クロ→スズ,毎日,稼働中・8/25大改修,2026-9-5,PENDING#30,done
T031,ダイビング資格ロードマップの執事課引き継ぎ,引き継ぎmdをpersonalへ移設しセバスに臨時発火で統合指示済み。以後の進行はセバスのチャットで,セバス,セバス,-,引き継ぎ済み,2026-8-23,PENDING#31,done
T032,リン収集の欠測バックアップ体制,現設計で1〜2日の欠測は翌晩自動回復（前日分まで遡り取得・当月記録は丸ごと取り直し）。追加対応: (a)欠測日はシルベが「前日版で代替」と明示 (b)3日連続欠測でアラート (c)社長の別PC到着時にリン環境の複製手順書を作成。(d)接続ヘルスチェック恒久化（CEO指示 8/24未明）: リン=RIN＋オフィスステーション／バタコ=バクラクを各ジョブ冒頭で確認・切れたら「接続切れ報告」→シルベ8:07で社長へ（依頼メモ両名へ設置済み・指示書追記は本人裁量）。(e)深夜ヘルスビート（CEO指示 8/24未明・8/25…（全文は docs/PENDING.md PENDING#32）,社長,クロ／社長,PC到着時,稼働中・(c)待ち,2026-8-24,PENDING#32,todo
T033,会議費・要確認リスト（完全版・2025-04以降82件）,1枚化＋PDF添付＋スプシ化 完了（8/24 11:57 クロ）: 社長記入用のGoogleスプレッドシートをfinance配下に納品（全82件・領収書PDF直リンク82/82・⚠自己承認フラグ付・確認結果列は記入待ち）。ID=local_sources.yaml。経緯: ①明細PDF全104件検収済み ②バタコが申請No→直リンクCSV生成→クロが要確認リストへ流し込み＋2025年3月以前除外（CEO指示・木村さん入社前）で完全版CSV化→バタコのfinance投入はtext/csvのままだったのでクロがGoog…（全文は docs/PENDING.md PENDING#33）,クロ,第三者委員会,-,タダス初回完了・依頼3件,2026-9-5,PENDING#33,doing
T034,中計冊子の入稿前チェック（入稿締切8/24）,校正完了・「中計冊子_校正リスト_2026-08-23」をINBOXに納品（全140ページ・高9件）。08231100版=最新と社長確認済み（ファイル名の日付違いのみ）。入稿実務=神橋さん。残=校正リストの修正→入稿。表紙データが別ファイルなら別途確認。8/24コア会議冒頭で最終確認（アジェンダ案納品済み）。8/24: 社長が神橋さんへ修正・入稿を依頼完了。発表会の叩きも確定。 残=神橋さんの入稿実務,クロ,神橋さん,8/24入稿,神橋さんへ依頼済・入稿実務待ち,2026-8-24,PENDING#34,todo
T035,支援記録虎の巻・本冊の全データ検証（8/23 21時MTG）,"8/24 リン検証完了（虎の巻検証_2026-08-24.md・全事業所×匿名集計・件数比率のみ）。冊子の数字が全項目でDB実測と乖離: 本文なし率 冊子11.3%→実測2.2%(直近12か月1.0%)／在宅比率41.3%→47.9%／ケース記録 事業所別0.6%(あべの)〜25.6%(十三)。総件数67,806の出所は特定できず（全件328,388/RIN194,345/最も近い=2026-02以降65,201）。実例F=奈良「10枚留め」80件等・実在確認OK。→クロ主導で本冊を実測値に差替え＋実例大幅増量。リ…（全文は docs/PENDING.md PENDING#35）",クロ,クロ／リン,本冊更新=今週,検証完了・本冊更新中,2026-8-24,PENDING#35,todo
T036,社内アラート基盤（CEO発案 8/24未明「分析をどんどんしてアラートを社内に出せるように」）,クロが設計書v1を作成: 検知条件（通所の急落・欠席連続・記録0件・支給決定期限切れ・経費重複等の閾値）／宛先ルール（施設長・本部・社長）／配信チャネル（Chatwork開通が鍵・LINE WORKS・メール）／誤報対策=まず社長のみ配信で1か月チューニング→社内展開。8月着地予測▲10%の通所急落が初号アラート案,クロ,クロ,8月中,設計中,2026-8-24,PENDING#36,todo
T037,広報・SNSの推進（CEO指示 8/24未明「SNS詰めていかないと。広報活動していこう」）,クロが散在する広報プロジェクトを棚卸し（①議事録=辻井さん広報パート・8月末期日群 ②LINE WORKSログの広報スレッド ③Gmailの関連案件 ④コダマの素材バンク ⑤中計の広報系目標）→8/25朝までに「広報・SNS進め方提案v1」を納品（同日11:00のInstagram予定の前）,クロ,クロ,8/25朝,棚卸し中,2026-8-24,PENDING#37,todo
T038,グループ組織再編（合併）の検討（本橋さん提案・CEO 8/24未明）,主眼=上場に向けた整理とCEO確認（8/24）。v2を経営資料フォルダに納品（v1はゴミ箱）: 存続会社=ワンダー（CEO方針）・RSP/HD吸収合併・COCO/ADC子会社維持。商号は「ワンダーのままReSow等へ商号変更」も選択肢（承継手続き不要）。上場観点=シンプル組織で審査/J-SOXコスト減・関連当事者取引は解消済み・合併時期がN-2期の起点・B型上場の急所=工賃（#39へ独立起票）。宿題=繰欠確認/自治体協議/子会社への施設外就労の制度確認/ADC発注単価の適正性/上場スケジュール整合——田村税理士・岩…（全文は docs/PENDING.md PENDING#38）,社長,クロ／社長,中計後,v2納品・フェーズ0（棚卸し）へ,2026-8-24,PENDING#38,blocked
T039,工賃向上プロジェクト（CEO 8/24「工賃問題が圧倒的な課題」・上場準備の中核）,まず現状把握: 事業所別の平均工賃月額・生産活動収支（工賃倍率）・報酬区分への影響を全16事業所で見える化（データ源=RIN/国保連/MFの生産活動会計・リンに調査依頼予定）→ベンチマーク（全国/都道府県平均・業界上位）比較→向上策の柱出し（施設外就労拡大・ADC発注単価設計・高単価受注開拓）。ADC発注単価は関連当事者取引の適正性とセットで設計,クロ,クロ,現状把握=8月中,起票・現状把握から,2026-8-24,PENDING#39,todo
T040,MF総勘定元帳スナップショット＋家賃所見フォロー（CEO指示 8/24）,①MF再接続後、全仕訳CSV（勘定科目・部門・取引先・摘要）をfinanceスナップショットへ保存——初回はFY2025期首〜一括・以後毎月10日ジョブに組込・部門マスタも保存（削除済み部門の棚卸し込み）。他法人はワンダー完了後に社長へ切替依頼 ②家賃所見: 琉球リゾート=支払い漏れ既知（CEO 8/24）／全保連の継続保障委託料26.3万円/月=野原さん確認（社長）／ミライストーリー=ミャンマーの子達の管理費・勝木=金沢の駐車場と判明・アイシン=用途不明のまま→野原さん回答後に家賃一覧v2へ反映 8/28: 社長…（全文は docs/PENDING.md PENDING#40）,クロ,クロ,-,5社受領済み・完了,2026-8-28,PENDING#40,done
T041,M&A・物件探索（CEO指示 8/24: B型=全国／他福祉=大阪近郊／実業=拠点地域／和裁・物件・コワーキング）,"探索リストv1を経営資料フォルダに納品（B型は買い手市場・バトンズだけで就労支援206件/大阪37件・相場300万〜1,500万+大阪指定枠プレミアム3,000万前後）。優先開示請求候補3件=大阪B型3,000万/京都B型社団1,500万/沖縄 移行+B型54名。和裁・お針子は公開市場に出ない→relay・承継センター・和裁組合への直接アプローチ＋呉服卸の加工部ごと取得が本命筋。次の一手=バトンズ/トランビ法人登録+新着アラート・買いニーズ登録（社長操作）→以後の定点観測を月次ジョブ化するか判断",社長,社長（会員登録）→クロ,-,リストv1納品,2026-8-24,PENDING#41,blocked
T042,バクラク申請DB＋領収書点検ビューア（CEO指示「バクラク申請をDB化して領収書チェック」→バタコ設計・クロレビュー）,"バタコが設計書納品→クロが6問GO回答（8/24）。方式=バクラク内部GraphQL APIで明細行グレイン取得（支払先も取れる＝会議費のMF突合は不要化）。会議費先行(4,234申請/4,540明細/領収書約3,760)→SQLite(rin.db流儀)＋静的HTMLビューア(A案)。置き場=01_data/経費点検DB新設・権限は社長/クロ/バタコ限定。画像=長辺1600px圧縮で開始（原寸要否は田渕さん確認＝社長へ）。申請またぎ重複検出(dup_key)を9/1から月次組込（¥33,681二重計上・承認済通過…（全文は docs/PENDING.md PENDING#42）",クロ,クロ／バタコ,会議費一式=8月中／遡及=2024-09,設計GO・実装着手・遡及範囲確定,2026-8-25,PENDING#42,todo
T043,中計発表会（9/11）表彰の未決2件（コダマ8/24コア会議レポートより）,(a)賞金額が未確定——社長が「一度話し合って決める」→タスク化。相談相手・金額・原資を確定。(b)選考基準が「社長が決める」で停止。推薦はコア会議LINEに理由添えで集約する建て付け＝集約担当と締切設定が必要。枠は社長確定済み（永年勤続＋事業所表彰5枠[徳島・FC各1含む]＋スタッフ表彰5〜6名[ワンダー3〜4・生活支援2・FC対象外・地域バランス]）。会議で出た「この1年で支援記録を最も多く書いた人（文字数）を記録から選ぶ」案は、リン統合DB×記録者ランキングで数字を先出し可能——クロが基準の数字を用意して社長…（全文は docs/PENDING.md PENDING#43）,社長,社長／クロ,9/11,選定・賞金確定→運営準備,2026-8-25,PENDING#43,blocked
T044,カオナビ「職種」の記入依頼（配置基準判定・Health Scoreの鍵）,役職と職種は別項目として整理（カオナビには役職は入っているが職種＝職業指導員/生活支援員/サビ管等の区分が未入力）。クロが記入依頼文＋記入用ファイルを作成。8/25: 在籍210名（役員除く）の事業所別ロスターをカオナビ基本情報から生成し「職種記入リスト_管理本部/カオナビ記入用」としてINBOXにSheet設置（職種列は空・記入待ち・個人名含むため番台/リポジトリ非掲載）。※基本情報に職種列そのものが無いことを確認＝全社員新規記入。8/25: 社長が管理本部への共有を直接リンへ手配済み→クロがリンへ進捗報告（渡し…（全文は docs/PENDING.md PENDING#44）,社長,社長→リン→管理本部,記入=今週,社長手配済み・リン報告待ち,2026-8-25,PENDING#44,blocked
T045,ユカ（LINE WORKS）の次タスク確定,社長「ユカは何したらよい？」→クロが4点で指示メモ設置（ユカフォルダ）: ①指示書v1.1反映（要配慮＝個人健康語は除外継続・労務安全事象は件数/ルーム集計のみ・個人名/本文不可）②月次サマリ＝前月分の労務安全サマリを月初1枚 ③新フォルダ巡回継続 ④自己点検5点で報告。月次の自動化はCowork定例設定（社長操作）が要 9/1 8月分の月次がスキップ——Macは起動していたが共有ドライブ`00.ReSow参謀AI`の`LineWoksPJ`フォルダへのアクセス許可が下りず、LINE WORKSログの取り込み・労務…（全文は docs/PENDING.md PENDING#45）,社長,ユカ／社長(Cowork設定・フォルダアクセス承認),月次=月初,指示設置・月次自動化は社長待ち,2026-9-2,PENDING#45,blocked
T046,全員共通の自己点検リスト（タスクチェック5点）,社長「タスクチェック大丈夫？と振ると自分で棚卸しできる」→共通のものさしを00_連絡板/_共通に設置（①HWM前回どこまで②欠測③接続OK④未回答の質問⑤次やること）。社長の声かけ時に全員がこの5点でセルフチェック→報告、クロが巡回便で要点集約,クロ,全アルバイト,運用中,設置完了・運用へ,2026-8-25,PENDING#46,done
T047,台湾出張（8/30〜9/3）のAWAY MODE運用,社長カレンダーで出張確認（8/30〜9/3台湾）。出張中の報告頻度・緊急連絡の線引き・番台/セバスの運用をクロが提案→社長承認。番台「🗂やりかけ台帳」に起票 8/29 社長回答により決着＝AWAY MODEは設けない（通常運転）。①報告頻度は朝夕2回を維持（「出張中でも仕事なので」）②緊急連絡の線引きも通常どおり。パソコンがすぐ触れないだけで、社長はチェックも作業もする③巡回便は4時間おき（1日6回）のまま維持——社長が様子を見たいとのこと。あわせて社長より「クロは信頼できるので判断を広げてよい。判断できるところは…（全文は docs/PENDING.md PENDING#47）,社長,クロ→社長,8/29,完了（AWAY MODEは設けず通常運転）,2026-8-29,PENDING#47,done
T048,リンの夜間ジョブ・脱Mac依存プロジェクト,8/26未明: 夜間ジョブ・ヘルスビートとも不発（Macが使えなかった様子）。社長と相談し、Mac依存を解消する方向で検討開始。8/27 01:40JST リンより操作手順2本を受領し判明: RINは既にスクリプト化済み（Python+Playwright・rin_collect.py、ヘッドレスChromium、README上もLinux常時起動機での運用を想定）。Mac依存の正体は①launchd起動②Googleドライブのローカルマウント書き込み③Macスリープで停止、の3点のみ→cron化＋Drive AP…（全文は docs/PENDING.md PENDING#48）,社長,クロ／リン／社長,移設の生データ判断=社長,VM移行へ統合（#85）,2026-9-5,PENDING#48,done
T049,夏季賞与の配分確定（8/25臨時経営会議）,完了（8/28 社長より伝送完了の確認。支給は8/31）,クロ,-,8/28,完了,2026-8-28,PENDING#49,done
T050,旅費・交際費・出張規程まわりの9/1施行群,岩崎弁護士が出張規程・交際費規程を完成（8月末承認・9/1施行）。タクシー代は不可で確定。旅費規程は野原さんが作成中（宿泊費の上限方式は検討中）。支援記録の基本ルール（本人発言は鉤括弧）を9/1施設長会議で周知（石橋さん）。主任ミーティング（生活支援の主任も参加）は9/16(水)16:30〜 8/29 社長確認: 旅費規程・交際費規程・出張規程はまだ社長の手元に届いていない（岩崎弁護士から未着）。社長が岩崎弁護士へ確認する。週明けになる可能性があり、その場合9/1施行には間に合わない。施行日をずらす場合は、9/1施…（全文は docs/PENDING.md PENDING#50）,社長,岩崎弁護士→社長,**9/1施行は要再設定**,未着・社長が確認中,2026-8-29,PENDING#50,blocked
T051,恩納村企画の日程・稟議（8/20取締役会）,田原さんが小田さんへ稟議を上げる予定が未着手の可能性。社長は日程候補を田原さんへ送付する約束あり。停滞していないか確認要,社長,社長／田原さん,できるだけ早く,未着手の可能性・要確認,2026-8-26,PENDING#51,blocked
T052,法人税等の納付判断（8/24中村税理士事務所通話・取扱注意）,社長判断により9月へ延期（8月中の納付は見送り、9月申告時に対応）,社長,社長→ソロバン,9月,9月対応へ変更,2026-8-28,PENDING#52,done
T053,RT会（RoundTable）運営タスク（8/25第0回決定）,社長の直接タスク: ①10/23に出られない人がいるため日程再調整 ②9/18モデレーター会と取締役会の重複解消 ③モデレーターの施設長へ改めて依頼 ④モデレーターへ運営シート配布（9/18まで）。9/11中計発表会でライフライン実演5〜10分の枠あり,社長,社長,次回まで／9/18,未着手,2026-8-26,PENDING#53,blocked
T054,Instagram「クマクマワーク」戦略始動（8/25決定）,当事者本人向けに方針転換（8/12方針は撤回）。SNSコンサルがプロフィール・漫画ネタを9/8までに用意→社長がLINEで内容確認→OK後に定期運用開始。社長タスク: ①写真撮影の手配（クマのぬいぐるみ＋役員13名集合写真・できれば9/11より前）②8/12議事録を見て動いている人がいないか一言。次回打合せ9/8(月)11:00,社長,社長／SNSコンサル,9/8,準備中,2026-8-27,PENDING#54,todo
T055,データ品質管理部「マモル」の立ち上げ（8/27社長設置）,収集はルート段階2で復旧（9/5）。マモルは段階4まで quality_YYYY-MM-DD.json で判定・段階4で _並走_VM/ の xlsx に対応表を切替。v3.2改訂は段階4時。,リン,マモル／リン,毎朝10時,経路切替中,2026-9-5,PENDING#55,doing
T056,セバス・アオイへのタスク連携ルート整備（8/27社長指示）,「タスク共有が漏れている」指摘を受け整備。①セバスへ会社側の社長期日物一式（法人税判断・賞与・恩納村・RT会・Instagram・表彰・台湾前逆算）を送付し毎朝7:37配信への統合を依頼 ②アオイへ台湾出張(8/30-9/3)の服薬携行・食事対策と直近負荷を連携 ③コダマ・セバスへWEB（台帳/執務室）の更新徹底を伝達（社長指示） ④毎日18:20の「連携便」を新設——スズ定例後にPENDING差分をセバス（健康関連はアオイ）へ自動送付。番台の時刻表にマモル10:00・連携便18:20を今夜のスズ定例で追記 → 9…（全文は docs/PENDING.md PENDING#56）,クロ,クロ,常設,稼働開始,2026-9-5,PENDING#56,done
T057,ReSowデータ経営基盤プロジェクト（8/27 CEO構想・PL=音嶋さん）,構想: ①業務システム→②収集・原本保存（イミュータブル）→③共通データ基盤（Raw/Clean/Master共通ID/Mart）→④横断検索・経営分析・請求監査・AI活用。設計原則=音嶋さんが開けばチェック・判断できる道具にする（成果物は毎回スプシ/画面の形）。構想書v1をDriveに納品（fileId 1t6KRaLfJGxDQetw9WFg0na8P-63ykmPr7MP-5gaxgoo）。Phase0=収集安定化（進行中）／Phase1=共通IDマスタ＋配置表自動化（9月・音嶋さん初号成果物）／Phase2…（全文は docs/PENDING.md PENDING#57）,社長,社長→音嶋さん／クロ,Phase1=9月,構想書v1納品・キックオフ待ち,2026-8-27,PENDING#57,todo
T058,ジュガール分析の開始（8/27社長承認・担当=バタコ）,まず偵察ミッションを設置（バタコへ_新任務_ジュガール偵察_2026-08-27）: 事前申請データの所在・エクスポート可否・申請種別の全体像・技術面を次回Mac接続時に確認（取得はしない・偵察のみ・稟議機微は記録に書かない）。目的①=事前申請×経費突合（タクシー代チェック等・バタコ本業に統合）②=ジュガール全体分析（稟議滞留・承認リードタイム）は偵察後に担当判断。データ基盤（#57）の業務システム取込の先行例。社長: バタコの次回Mac接続時にジュガールへのログインをお願いする可能性あり,クロ,バタコ→クロ,偵察=今週,偵察指示設置済み,2026-8-27,PENDING#58,todo
T059,アルバイトのSonnet移行（8/27社長決定・8/29切替）,使用量対策第2弾（週間18%消費ペースを受け）。対象=リン・バタコ・ユカ・チサト＋マモル。準備: ①各自が指示書を「Sonnetでも迷わない」形に自己点検→改訂案提出(8/28中) ②「Sonnetでは難しい工程」の自己申告→クロ/Opus専任が引き取り ③切替後ルール（迷ったら即質問メモ・検算+1・新規案件は手順案を先に）を_共通に設置済み。コダマ・セバス・アオイは当面Opus維持で様子見。8/29に社長がCowork設定/各チャットでモデル変更→初週はクロが検収を厚めに。8/27夜 リン・バタコ・ユカの3名が期…（全文は docs/PENDING.md PENDING#59）,社長,社長／全アルバイト／クロ,8/29切替,4名承認済み・チサト待ち,2026-8-28,PENDING#59,todo
T060,広報部「メガホ」立ち上げ・YouTube立て直し（8/27社長設置）,"目標=まず1,000再生（KPI定義はメガホが初回分析で提案）。対象チャンネル=@bhellowonder4846（メガホに共有済み）。業務指示書v1を00_連絡板/メガホ（新設 1bhMVcQpVkrZIOq67J2Tn99tc5T0W6c7g）に設置し初回ミッション送付済み: ①公開データで現状分析＋伸びない仮説3つ ②すぐできる対策案（既存動画のタイトル/サムネ改善・概要欄/タグ/再生リスト・ショート切り出し・投稿計画）→8/28中に納品。CSV待ちで止まらない設計（Studio非公開データは社長のCSVエク…（全文は docs/PENDING.md PENDING#60）",社長,メガホ→クロ→社長,承認依頼v2=8/29中／キー再生成=緊急でない,承認依頼をv2へ統合中・企画案は着手GO,2026-8-29,PENDING#60,todo
T061,個人情報の分離とコード化→クラウド納品（8/27 CEO発案）,"法人マスタは正本確定（8/28 社長GO）。01_data＝ReSow法人マスタ_v2.2_2026-08-28.xlsx（fileId 1js6l0ccmNeP29h863OwryEjcLUID8H8t・24,207バイト・サイズ照合済）／v2.1は99_archiveへ格納済（fileId 1qnVqvrOnzEwrOGlIdxF3o7TCZkVBcWyy・23,842バイト）／00_INBOXと01_dataの旧原本はゴミ箱へ。旧版v2はDriveゴミ箱にも残っておらず復旧不能——クロの再アップロード（サイズ…（全文は docs/PENDING.md PENDING#61）",クロ,リン（事業所ID棚卸し）→クロ,採番=9月第1週,法人マスタ完了・採番へ移行,2026-8-28,PENDING#61,todo
T062,会議体3規程の制定（取締役会運営規程・経営会議運営規程・事業執行会議〈コア会議〉運営規程／8/28社長指示）,3規程そろって改訂・納品済（Drive「規程・契約」）：取締役会運営規程v0.3／経営会議運営規程v0.2／事業執行会議（コア会議）運営規程v0.2。旧版はゴミ箱。定款（設立時・令和5年10月認証）で取締役会・監査役の条項なし＝非設置会社で確定。社長方針（本橋さんのショートレビューも同旨）により非設置のまま運営を練習する設計。取締役は現在3名・2026年10月から4名（決定に必要な賛成数は2名→3名へ）。執行役員は取締役に含まれず決定に加わらない。v0.3の要点＝①社内呼称は「取締役会」だが法的には会社法348条2…（全文は docs/PENDING.md PENDING#62）,社長,社長（決定シートの残り記入・野原さん就任の臨時株主総会と登記）→クロ（金額表T-7）,決定シート=9月上旬／取締役会上程=9月,3規程そろって納品・社長記入待ち,2026-8-28,PENDING#62,blocked
T063,職務権限規程の整備（#62の実効性の前提・クロ起票）,会議体3規程だけでは日常の稟議決裁は変わらない。取締役会/経営会議/コア会議の金額表と、部長・課長・管理者の日常決裁を1枚の権限表につなぐ必要がある。#62のv0.2確定後に起案,クロ,クロ,起案=2026年内,起票のみ,2026-8-28,PENDING#63,todo
T064,HDの事業年度・決算期の食い違い（8/28クロ発見・要確認）,設立時定款（令和5年10月13日認証）第28条は「4月1日〜3月31日」だが、社長は「事業年度は10月〜」と説明。決算書インデックスも「HD決算期9月・初決算は令和8年9月期」となっており、定款と実務が一致しない。考えられるのは①定款変更済みでクロが見たのが旧版 ②定款と実務の食い違い（＝定款違反の状態）。②なら計算書類・株主総会承認・税務申告に影響する。最短の確認方法＝法人税申告書の事業年度欄（中村税理士事務所に照会）。あわせて現行定款の所在（グローバル・アイズ法務事務所に控えの有無）と定款変更の株主総会議事録を…（全文は docs/PENDING.md PENDING#64）,社長,社長→中村税理士事務所／クロ,9月上旬（規程の施行日T-13に影響）,起票・未着手,2026-8-28,PENDING#64,blocked
T065,新任取締役（10月就任）の株主総会決議と就任登記,取締役が3名→4名になる。定款第23条により株主総会の決議が必要（議決権の3分の1以上を有する株主が出席し、その過半数）。就任日から2週間以内に変更登記（会社法911条3項13号／915条1項）。司法書士の手配が要る。台湾出張が8/30〜9/3のため、逆算すると9月上旬には臨時株主総会の日程を押さえる必要がある。規程の施行日（2026年10月1日案）とも連動,社長,社長→司法書士,臨時株主総会=9月上旬／登記=就任後2週間,起票・未着手,2026-8-28,PENDING#65,blocked
T066,執行役員の名称に伴う表見代表取締役リスク（クロ指摘）,「社長執行役員」「副社長執行役員」「専務執行役員」等の名称は、会社法354条の表見代表取締役に当たるおそれがある。名刺・契約書・ウェブサイト・パンフレット等の対外表示で、取締役でないことが分かる表記になっているかを点検する。現在の執行役員の有無と名称が未確認のため、まず実態の確認から,社長,クロ→社長,9月中,起票・未着手（実態確認から）,2026-8-28,PENDING#66,blocked
T067,ROOT（GCPデータ基盤）のチャッピー連携・役割分担（8/29社長決定）,9/5: 社長が実行条件を更新→段階2稼働。BQ受入設計は7判断回答済み。残＝ゲートC/Dの社長承認・C-3承認・quality_daily仕様（9/6）。,社長,チャッピー（user_private是正9-1・経費粒度9-2・PSN反映・user_link初回同梱・v0.3）／ルート（提供実績初回とkeep-alive実測）／リン（fmp_user_xwalkの作り方・v0.3レビュー）／バタコ（v0.3レビュー）／社長（移動記録の運用を誰が担うか＝唯一の機構）／クロ（権限主体の分離設計）,提供実績8-31／経費9-2／ジュガール9-3,段階2稼働・BQ設計協議中,2026-9-5,PENDING#67,doing
T068,受給者証フォルダの整理と期限管理の正本（9/2クロ棚卸し）,ファイル名の日付は期限管理に使えない（実物2件を確認。1件は支給決定の開始日、1件は開始日とも満了日とも不一致＝年の打ち間違いと見られる）。直下にPDF61件・事業所別フォルダ18個が未使用（9/2 14:40時点）。日付表記6通り以上・区切り半角/全角・「福岡」「福岡事業所」の揺れ・重複らしきもの6件以上・拡張子なし1件。同一氏名が別2事業所で各1件＝事業所移動が紙の側にも出ている実例。移動・改名・削除はせず、氏名等は書き出していない。RINとの氏名突合は⑥に当たるため未実施。社長判断＝①期限管理の正本をRINに…（全文は docs/PENDING.md PENDING#68）,社長,社長→本部,9月中,起票・社長判断待ち,2026-9-2,PENDING#68,blocked
T069,全体最適の提案6件（9/2社長指示）,最大の弱点＝収集が社長のMac依存。今日の実測でリン夜間ジョブ2日不発・ユカ月次2日スキップ・チサトのマージ3.4日空白が同時発生。提案1（最優先）＝次のMac窓で全16事業所の提供実績を1回取り、事業所別マニフェストが一致すればVMのtimerを有効化。二重管理の終了条件＝事業所別照合が30日連続一致でMac側収集停止（クロ判断）。 提案2 数字の手打ちを元データからの自動生成へ（クロ判断で実施）／提案3 期限管理をしきい値へ（社長判断）／提案4 判断待ちの削減＝報告体制v1で実施済／提案5 ルートとマモルの二重…（全文は docs/PENDING.md PENDING#69）,社長,社長（提案1・3）,次のMac窓,提案済・社長判断待ち,2026-9-2,PENDING#69,blocked
T070,報告体制v1の制定と現況報告の運用（9/2社長指示）,社長に届く定例は朝1本／報告は定例・都度・重大事象の3種類／都度は6項目各3行以内／重大事象5類型は疑いの段階で／判定語を統一（可・条件付き可・不可・判定不能）／継続指摘は3日で1行に圧縮。HANDBOOK 5-2に記載。9/2 15:05の提出＝リン・マモル・チャッピー・ルート済、ユカ・チサト一部、バタコ・メガホ未着。メガホは定例トリガーが0本のまま＝起こされていない可能性が高くクロ側の落ち度。切り分けは9/3朝レポート → 9/3 シルベ: 三代目クロが朝の統合レポートを初回実施。未着2名（バタコ・メガホ）の現…（全文は docs/PENDING.md PENDING#70）,クロ,クロ,9/3朝,運用中・未着2名,2026-9-5,PENDING#70,done
T071,チサトの収集と統合の分離（8/27から保留していたクロ判断・9/2回答）,9/5 13:09 チサトがクラウド定例（毎朝7:00）を再開。9/5分は本体が代行収集。次回9/6 07:04。週次は9/8（月）から。,チサト,チサト,次のMac窓,再開済,2026-9-5,PENDING#71,done
T072,全システムのVM移行と週1相互監視（9/2社長決定）,VMが毎日・従来担当が週1で相互監視の形に統一。順番＝RIN（いま）→バクラク→ジュガール（最初からVM前提で設計）→オフィスステーション。LINE WORKSは月次のため当面Macのまま。同時に2つ移さない。各担当に設計5点（ログイン方式と秘密値の種類名だけ／取得画面と所要時間／規約・レート制限／「全部取れた」の件数定義／メンテ時間帯）を先に出させる。値は絶対に書かせない。バタコ＝バクラク・ジュガール、リン＝RIN・オフィスステーション、ユカ＝LINE WORKS,ルート,ルート／リン／バタコ,RINは次のMac窓,社長承認済・着手,2026-9-2,PENDING#72,todo
T073,受給者証の4項目限定取り込み（9/2社長指示・保管は01_dataの中だけ）,取る＝氏名／開始日／終了日（満了日）／給付日数＋事業所＋原本ファイルID。取らない＝受給者証番号・生年月日・住所・支援区分・負担上限。台帳は `01_data/受給者証_台帳/`、氏名を含むため01_dataの外へ出さない（報告は事業所別件数のみ）。ROOTへは入れない（入れるなら別途⑥の承認）。3段階＝①ファイル名から一覧化（PDFを開かない・日付は「意味未確定」として扱う） ②PDF本文から4項目（自治体1つずつ・読めないものは推測で埋めない） ③RINの支給満了日と突合（一致／証が新しい＝RIN未入力の疑い／…（全文は docs/PENDING.md PENDING#73）,社長,社長（担当決め）→バタコ,9月中,設計提出・担当決め待ち,2026-9-2,PENDING#73,blocked
T074,支給決定期限の事業所別の偏り（9/2社長指示で作成）,シート「支給決定の期限×受給者証の提出_事業所別_2026-09-02」（_共通・氏名なし）。母集団＝利用中556名／9/2 13時。期限切れ54件のうち36件は8月満了（1ヶ月以内）＝更新手続き中とも読める。問題は2ヶ月以上前に切れたまま残る18件。 天王寺4件（うち6ヶ月超3件・全社の6ヶ月超は3件で全部天王寺・最古は2025-03満了）、西成3・十三3・金沢3でこの4事業所が18件中13件。あべのは7件すべて8月満了で古いものゼロ（率15.2%だが性質が違う）。受給者証の提出件数と期限切れ率は逆相関（福井12…（全文は docs/PENDING.md PENDING#74）,社長,クロ→社長・天王寺,9/3→社長確認待ち,提出済・確認の指示待ち,2026-9-3,PENDING#74,blocked
T075,ユカのCode（クラウド）移行と並走（9/2社長指示・本人希望が第1号）,"初代の引き継ぎ書検収合格（11項目＋A-1〜A-3）。クロの前提誤りを訂正: DBはローカルではなく共有ドライブ `LineWoksPJ/lineworks.db`（553MB・443,360件）。触れない理由は①Driveマウント上でSQLiteが開けない ②553MBをコネクタで引けるか未確認、の2点。二代目（Code）`session_015ZPYx2F33BFFGHThXLnCRf` を社長が新設（本文に触れる主体が1つ増える＝⑥は社長判断で実施済み）。クロの決定: ①並走テスト（読むだけ・書かない）GO、…（全文は docs/PENDING.md PENDING#75）",クロ,ユカ二代目→クロ,並走テスト＝9/2中,分割4MB待ち・集計は動作確認済,2026-9-4,PENDING#75,todo
T076,ゴミ箱の一本化とINBOX空運用（9/2社長指示）,9/5 判明：共有ドライブ直下に「_archive」は存在せず、既存は「99_archive」。ルール本文の「_archive（残す記録）」は 99_archive と読み替え。9/5にクロが誤って 01_data/chatwork_DB/_archive/INBOX整理_2026-09-05/ に空フォルダ2つを作らせた→10/5（第1月曜）棚卸しで削除承認を得る。,社長,社長（GO）→ユカ初代,次のMac窓,ルール制定済・移動待ち,2026-9-5,PENDING#76,blocked
T077,チサトの提案B-1〜B-5への回答（9/2）,"チサトは13:18に案Bと同じ構造（クラウド7:00収集→deltas/→Mac7:40マージ・message_id重複排除）を実装・実データ確認済み。クロの15:15指示は後追い（実装済みに指示を出した＝読む順番の誤り）。A-1〜A-3検収合格。B-1完成合図の2段読み（日報＝収集生存／README＝DB反映）採用→巡回便・シルベに反映要。B-2 `_archive/` へ移動承認（全員標準に）。B-3週次サマリ（月曜7:40・件数のみ）採用。B-4バックフィル（未取得42,600件・16.2%）＝「やらない」で…（全文は docs/PENDING.md PENDING#77）",チサト,チサト,週次は9/8（月）から,回答済,2026-9-2,PENDING#77,done
T078,コダマ「決定事項キューの状態列をクロで集約」（9/2社長指示）,引き受け。前提訂正＝クロにもLINEは見えない→「集約して分からない行は社長に聞く」。朝のシルベ手順に「決定事項キューの状態列を見る」を追加（スズ18時転記は廃止済）。分かった行はシルベが根拠付きで埋める／分からない行は朝レポート「今日決めること」に最大3件。コダマの拾い物は `PLAUDデータ/_決定事項キュー` 内へ（連絡板を増やさない）。訂正2件反映: 11/3中央公会堂=アワード中止・フェス形式は決定／生きがいフェスは未確定、9/11運営マニュアル=上田顧問からLINEで受領済→完了。9/11前の4行（音嶋…（全文は docs/PENDING.md PENDING#78）,クロ,クロ→シルベ,9/3朝,引受済・シルベ反映済,2026-9-5,PENDING#78,done
T079,Gmail担当「フミ」の新設（9/2社長提案・クロは置き場所に反対）,社長案＝チャッピー（CIO）の下にGmail担当を置き、メールから報告をクロへ。クロの意見＝機能は賛成・置き場所は反対（①CIOは基盤の責任者でメールは秘書業務・2系統持たせると片方が落ちる ②チャッピーはGCP権限を持つのでメール読取を足すと1人の範囲が広すぎ＝今日ルートに出した権限分離指示と矛盾 ③報告が1段遠くなる）。対案＝クロ直下に独立1名「フミ」。設計はチャッピーに書かせ運用は別人。機能＝新着を期日あり／要返信／予定候補／情報の4区分、クロへ上げるのは期日3日以内・カレンダー候補・3日以上未返信・約束した…（全文は docs/PENDING.md PENDING#79）,社長,社長,未定,提案済・社長判断待ち,2026-9-3,PENDING#79,blocked
T080,ルートの独り立ち＝リンの代わり（9/2社長指示）,段階2まで到達。次＝段階3 利用者マスタ1回取得（社長承認済・チャッピー解除済）→段階4 xlsx/README を _並走_VM/ に生成（リンと同列）→マモル対応表更新。resow.db DDLはクロ承認（9/5）・影DBへ適用可。quality_daily 仕様は9/6クロ提出。,チャッピー,ルート／チャッピー,段階1=次のMac窓,段階2稼働・段階3へ,2026-9-5,PENDING#80,doing
T081,三代目クロの「分散」方針（9/2 社長指示「軽くなるようにチャットを分散していく」）,二代目は5.8日でcache_read 107.5M＝自分で決めた交代基準90Mを17.5M超過。原因は「毎ターン全履歴を再送する」構造で、窓（アプリ/ターミナル/iPhone）を替えても軽くならない。対策は①仕事を別セッションへ出す ②プログラムにする ③大きなツール結果を履歴に残さない、の3つだけ。三代目の上限＝自分に紐づく定例トリガーは3本まで（巡回便・朝の統合・連携便）／月次2本は別セッションへ／大きな取得は必ずファイル経由。分けた分は巡回便で見る（分けただけだと止まったことに誰も気づかない＝9/2にメガホ…（全文は docs/PENDING.md PENDING#81）,クロ,三代目クロ,着任直後,方針確定・未実行,2026-9-2,PENDING#81,todo
T082,プログラム化の推進（9/2 社長指示「プログラム化も進めていこう」）,原則＝プログラムが「数える」、AIが「決める」。プログラム化の判定基準3つ（①同じ手順を3回以上やった ②入力が同じなら出力が必ず同じ ③判断が「〜なら〜」で書ける）が揃ったらコードにする。第1候補＝(a)使用量の日次記録（get_sessionのcache_readを毎日1行）(b)RIN日次集計とover_capacity_day判定 (c)支給決定期限の残日数計算としきい値判定 (d)受給者証フォルダの件数棚卸し (e)トリガー一覧と「触ってはいけない表」の突合。いずれも判断を含まないのでAIのターンを使う必…（全文は docs/PENDING.md PENDING#82）,クロ,三代目クロ→チャッピー,第1候補の仕分け=着任週,方針確定・未着手,2026-9-3,PENDING#82,todo
T083,ポーリング停止（push型へ）（9/2夜 社長「cronでできるのはそうしよう」）,外部助言の72本/日を実査→確実に数えられる空振りは36本/日（連絡板3時間おき×3＝24・Gmail2時間おき＝12）。ユカ初代の「毎時巡回24本」は実在せず（HANDBOOK誤記・実態は3時間おき）。ユカ初代は9/2 12:49〜18:37に月次完了・現況・引き継ぎ書を出しており稼働中。9/3 00:45 連絡板確認3本を enabled=false（-24/日）、_共通に全員向け告知、3人を一回ものトリガーで起こして受領を求めた（01:40に着地確認・1件でも無ければ戻す）。巡回便に(2b)「未読指示の起こし…（全文は docs/PENDING.md PENDING#83）,社長,三代目クロ→社長（Gmail頻度）,効果測定 9/3〜9/5 社長の使用量%を1日1回,実施済（起こし方式で運用中）,2026-9-5,PENDING#83,done
T084,カオナビ：転籍時に入社日を上書きしない運用にできるか（9/4 社長指示「カオナビの使用上いるのかもしれないので確認しておく」）,社長が管理本部／カオナビ側に確認する。論点＝①転籍時に入社日を当該法人への移籍日で上書きするのは、カオナビの仕様上（社会保険・給与計算・勤続年数表示など）必要なのか ②必要な場合、グループ通算の入社日を別項目（カスタム項目）で持てるか。確認できるまで、勤続年数・定着率・会社別離職率は台帳の値をそのまま使わない。根拠＝2026-04-01付で「入社」となっている14名のうち11名は社員番号の採番年が2024年以前で、実際にはそれ以前から在籍（例：社員番号23035・COCO・統括が勤続4ヵ月表示）。,社長,社長→管理本部,-,社長確認待ち,2026-9-4,PENDING#84,blocked
T085,ルートをリンの代替へ（RIN収集のMac依存を解消）（9/4 社長指示）,リスク：VMの04:00自動停止がバックフィル（18:57開始・約12h）を切る可能性。クロ判断＝完了まで停止スケジュールを一時解除（チャッピーが差分確認後）。明朝07:01で①02:30無人運転16/16 ②バックフィル累積 を検収。ルートは収集中に応答不能だった→「待たない」運用へ。,社長,ルート→社長,-,段階2稼働・週末全量バックフィル中,2026-9-5,PENDING#85,doing
T086,クロからルートのDBを読む経路の設計（チャッピー諮問）＋ルートのroles/owner縮小（9/4 社長指示「サーバへのアクセスはチャッピー案件かもしれない」）,チャッピーのBQ設計7判断に回答（9/5）: 判断6を修正＝クロ専用主体は作らずルートがDriveへ層B出力を書き出す経路。BQ読取は社長アカウント。ゲートC/D（投入・IAM）は社長の明示承認待ち。roles/owner縮小は監査後。,チャッピー,チャッピー,-,設計回答済・ゲートC/D社長承認済（A/E/F待ち）,2026-9-5,PENDING#86,doing
T087,立て直し（9/5 社長決定）：一旦止めて三層一台帳へ。まずRIN中心,9/5 社長「それでお願いします」＝進行確定。済＝POLICY v1.1（正本ブランチ・5語・棚卸し・アーカイブ・使い捨て・退役条件）・ledger.py stale/archive・巡回便手順(0)。残＝9/6 更新時刻列（2時間判定）・番台生成スクリプト・quality_daily仕様／9/7朝 社長がUIで四代目の巡回便（新規セッション版・文面は TRIGGERS_BACKUP.md 末尾）を作成→四代目2巡回で failed検知→再投入を実演→三代目退役（月次2本の付け替え）。,クロ,クロ,9/6（土日の土台）,進行中,2026-9-5,PENDING#87,doing
T088,巡回便の増便（今週限り・9/5社長「使用量8%・巡回便の数が開発スピード」）,1日5回→2時間おき9回（07:01〜23:01）に再変更（9/5 15:45 社長「次回はもっと早いんじゃないかな」）。9/12 09:10 に2回へ戻す予約。,クロ,-,9/12,実施中,2026-9-5,司令塔,doing
T089,番台の毎朝手更新を停止→tasks.csvからのスクリプト生成へ（9/5社長「一旦止めて更新箇所を絞る」）,シルベの番台更新手順を外し、ハイライト3行を docs/ledger/highlights.md へ追記する方式に変更済み。9/6 クロが tools/build_bandai.py を作る＝入力 tasks.csv・messages.csv・highlights.md、出力 bandai.html。KPIタイル等は数字のファイルがある項目だけ出す（無いものは出さない）。,クロ,クロ,9/6,着手,2026-9-5,司令塔,todo
T090,整理係「ハコ」（Cowork・社長が9/5新設）の立ち上げ,9/5 19:15 クロの誤り訂正＝渡した_archive IDは 01_data/chatwork_DB/_archive だった（共有ドライブ直下に_archiveは無く 99_archive が正）。ハコは掟どおり停止（正しい）。訂正文書を置き、移動先を 99_archive/INBOX整理_2026-09-05/文書・原本 に変更。chatwork_DB内の空フォルダ2つは月初棚卸しで片づける。,社長,社長→ハコ,9/5,訂正発行・ハコ再実行待ち（v1.2報告）,2026-9-5,司令塔,doing
T091,リンのFMP時代データ（RINに無い旧データ）をresow.dbへ引き取り・無期限保管（9/5社長指示）,ルートへ取り込み（system='FMP'行・fmp_user_xwalk・plan・working_rate）と原本5点の無期限保管を指示、チャッピーへライフサイクル無し保管先の設計を依頼。9/6 結果報告を検収（README件数との突合）。,ルート,ルート／チャッピー,9/6,指示済,2026-9-5,司令塔,doing
T092,JVA（第26回 Japan Venture Awards）1次通過→2次審査書類（9/24 17時必着）,作成は社長の応募チャットに任せる（9/5 社長「出来上がってきたのをチェックする体制」）。クロは書かない。出来た5点を 00_INBOX に置いてもらい、クロが検収（期限・枚数・数字の整合・財務諸表の期）→社長が9/24 17時までに送付。,社長（応募チャット）,応募チャット→クロ検収→社長送付,9/24,応募チャットで作成中・クロは検収待ち,2026-9-5,Gmail:1a06b2adae76f146,blocked
T093,事業再構築補助金 事業化状況・知的財産権報告書（様式第13）提出期限 9/30,クロは書かない。木村さんの着手状況を社長が確認→報告システムの入力は木村さん→完了画面のスクショを INBOX へ→クロが「報告完了」押し忘れが無いかだけ確認。期限9/30。,社長→木村さん,社長→木村さん,9/30,状況不明・確認要,2026-9-5,Gmail:19f369ff6b933734,blocked
T094,成長加速化補助金 3次公募（申請受付 9/29〜10/29）の応募可否,クロは要件確認と検収のみ。応募するなら事業計画は応募チャット＋認定支援機関。判断材料＝ワンダー2025年12月期売上（10億要件）・100億宣言の公表要否。9/12までに社長判断。,社長（応募チャット）,社長判断（応募するか）→応募チャット→クロ検収,9/12,起票・要領確認,2026-9-5,Gmail:1a02174a07db18a1,blocked
T095,チャッピー提案の高速連携サイクル（2時間・クロ:00→チャッピー:30→ルート:00・16サイクル）,受け入れ。クロは各回 :10 までに「クロより_サイクルN」文書を置く（無い回は前回のまま）。サイクル1（17:00）を発行済み。次＝19:00。,クロ,クロ,9/6,進行中,2026-9-5,司令塔,doing
T096,Mac非依存の指示経路（VMが指示ファイルを自分で読む・層A自走）,9/5 22:00 チャッピーへ設計依頼（GCS/Drive上の指示ファイル・10分おきタイマー・allowlist 4種・監査ログ）。9/6 設計案→バックフィル完了後に実装。完成で臨時命令もMac不要。,チャッピー,チャッピー→ルート,9/6,設計依頼済,2026-9-5,司令塔
